{
  "hash": "69ad6f39",
  "configHash": "b6f521c3",
  "lockfileHash": "f01eea3b",
  "browserHash": "bb4ed27b",
  "optimized": {
    "@angular/common": {
      "src": "../../../../../node_modules/@angular/common/fesm2022/common.mjs",
      "file": "@angular_common.js",
      "fileHash": "6c332b3a",
      "needsInterop": false
    },
    "@angular/common/http": {
      "src": "../../../../../node_modules/@angular/common/fesm2022/http.mjs",
      "file": "@angular_common_http.js",
      "fileHash": "279b263c",
      "needsInterop": false
    },
    "@angular/core": {
      "src": "../../../../../node_modules/@angular/core/fesm2022/core.mjs",
      "file": "@angular_core.js",
      "fileHash": "9592f5b9",
      "needsInterop": false
    },
    "@angular/material/core": {
      "src": "../../../../../node_modules/@angular/material/fesm2022/core.mjs",
      "file": "@angular_material_core.js",
      "fileHash": "9dd102e8",
      "needsInterop": false
    },
    "@angular/material/icon": {
      "src": "../../../../../node_modules/@angular/material/fesm2022/icon.mjs",
      "file": "@angular_material_icon.js",
      "fileHash": "4d9dc58d",
      "needsInterop": false
    },
    "@angular/material/paginator": {
      "src": "../../../../../node_modules/@angular/material/fesm2022/paginator.mjs",
      "file": "@angular_material_paginator.js",
      "fileHash": "82e890d1",
      "needsInterop": false
    },
    "@angular/material/table": {
      "src": "../../../../../node_modules/@angular/material/fesm2022/table.mjs",
      "file": "@angular_material_table.js",
      "fileHash": "997ee383",
      "needsInterop": false
    },
    "@angular/platform-browser": {
      "src": "../../../../../node_modules/@angular/platform-browser/fesm2022/platform-browser.mjs",
      "file": "@angular_platform-browser.js",
      "fileHash": "32674d3a",
      "needsInterop": false
    },
    "@angular/platform-browser/animations/async": {
      "src": "../../../../../node_modules/@angular/platform-browser/fesm2022/animations/async.mjs",
      "file": "@angular_platform-browser_animations_async.js",
      "fileHash": "a101d3b3",
      "needsInterop": false
    },
    "@angular/router": {
      "src": "../../../../../node_modules/@angular/router/fesm2022/router.mjs",
      "file": "@angular_router.js",
      "fileHash": "c1413042",
      "needsInterop": false
    },
    "rxjs": {
      "src": "../../../../../node_modules/rxjs/dist/esm5/index.js",
      "file": "rxjs.js",
      "fileHash": "b9651e85",
      "needsInterop": false
    },
    "@angular/material/button": {
      "src": "../../../../../node_modules/@angular/material/fesm2022/button.mjs",
      "file": "@angular_material_button.js",
      "fileHash": "010fa916",
      "needsInterop": false
    },
    "@angular/material/form-field": {
      "src": "../../../../../node_modules/@angular/material/fesm2022/form-field.mjs",
      "file": "@angular_material_form-field.js",
      "fileHash": "c7aded69",
      "needsInterop": false
    },
    "@angular/material/input": {
      "src": "../../../../../node_modules/@angular/material/fesm2022/input.mjs",
      "file": "@angular_material_input.js",
      "fileHash": "eda7d270",
      "needsInterop": false
    },
    "@angular/material/dialog": {
      "src": "../../../../../node_modules/@angular/material/fesm2022/dialog.mjs",
      "file": "@angular_material_dialog.js",
      "fileHash": "73a5bfd9",
      "needsInterop": false
    },
    "@angular/forms": {
      "src": "../../../../../node_modules/@angular/forms/fesm2022/forms.mjs",
      "file": "@angular_forms.js",
      "fileHash": "c3e13724",
      "needsInterop": false
    }
  },
  "chunks": {
    "browser-T3BF3LNL": {
      "file": "browser-T3BF3LNL.js"
    },
    "chunk-EHT2RO3B": {
      "file": "chunk-EHT2RO3B.js"
    },
    "chunk-NCIWTDLT": {
      "file": "chunk-NCIWTDLT.js"
    },
    "chunk-MMNN2IQ4": {
      "file": "chunk-MMNN2IQ4.js"
    },
    "chunk-LIN5XROT": {
      "file": "chunk-LIN5XROT.js"
    },
    "chunk-SGARPFE7": {
      "file": "chunk-SGARPFE7.js"
    },
    "chunk-S3675LEJ": {
      "file": "chunk-S3675LEJ.js"
    },
    "chunk-RMVRHTLM": {
      "file": "chunk-RMVRHTLM.js"
    },
    "chunk-33HXRQ3B": {
      "file": "chunk-33HXRQ3B.js"
    },
    "chunk-VOFKKD7Q": {
      "file": "chunk-VOFKKD7Q.js"
    },
    "chunk-42MLWHQO": {
      "file": "chunk-42MLWHQO.js"
    },
    "chunk-MUPCDZEB": {
      "file": "chunk-MUPCDZEB.js"
    },
    "chunk-SXIXOCJ4": {
      "file": "chunk-SXIXOCJ4.js"
    }
  }
}